ENTRY_ID,KARL_MARKED_FIXTURE_ID
1,1
2,2
3,3
4,4
5,5
6,6
7,7
8,8
9,9
10,10
11,1
12,2
13,3
14,4
15,5
16,6
17,7
18,8
19,9
20,10
21,1
22,2
23,3
24,4
25,5
26,6
27,7
28,8
29,9
30,10
31,1
32,2
33,3
34,4
35,5
36,6
37,7
38,8
39,9
40,10
41,1
42,2
43,3
44,4
45,5
46,6
47,7
48,8
49,9
50,10
51,1
52,2
53,3
54,4
55,5
56,6
57,7
58,8
59,9
60,10
61,1
62,2
63,3
64,4
65,5
66,6
67,7
68,8
69,9
70,10
71,1
72,2
73,3
74,4
75,5
76,6
77,7
78,8
79,9
80,10
81,1
82,2
83,3
84,4
85,5
86,6
87,7
88,8
89,9
90,10
91,1
92,2
93,3
94,4
95,5
96,6
97,7
98,8
99,9
100,10
101,1
102,2
103,3
104,4
105,5
106,6
107,7
108,8
109,9
110,10
111,1
112,2
113,3
114,4
115,5
116,6
117,7
118,8
119,9
120,10
121,1
122,2
123,3
124,4
125,5
126,6
127,7
128,8
129,9
130,10
131,1
132,2
133,3
134,4
135,5
136,6
137,7
138,8
139,9
140,10
141,1
142,2
143,3
144,4
145,5
146,6
147,7
148,8
149,9
150,10
151,1
152,2
153,3
154,4
155,5
156,6
157,7
158,8
159,9
160,10
161,1
162,2
163,3
164,4
165,5
166,6
167,7
168,8
169,9
170,10
171,1
172,2
173,3
174,4
175,5
176,6
177,7
178,8
179,9
180,10
181,1
182,2
183,3
184,4
185,5
186,6
187,7
188,8
189,9
190,10
191,1
192,2
193,3
194,4
195,5
196,6
197,7
198,8
199,9
200,10
201,1
202,2
203,3
204,4
205,5
206,6
207,7
208,8
209,9
210,10
211,1
212,2
213,3
214,4
215,5
216,6
217,7
218,8
219,9
220,10
221,1
222,2
223,3
224,4
225,5
226,6
227,7
228,8
229,9
230,10
231,1
232,2
233,3
234,4
235,5
236,6
237,7
238,8
239,9
240,10
241,1
242,2
243,3
244,4
245,5
246,6
247,7
248,8
249,9
250,10
251,1
252,2
253,3
254,4
255,5
256,6
257,7
258,8
259,9
260,10
261,1
262,2
263,3
264,4
265,5
266,6
267,7
268,8
269,9
270,10
271,1
272,2
273,3
274,4
275,5
276,6
277,7
278,8
279,9
280,10
281,1
282,2
283,3
284,4
285,5
286,6
287,7
288,8
289,9
290,10
291,1
292,2
293,3
294,4
295,5
296,6
297,7
298,8
299,9
300,10
301,1
302,2
303,3
304,4
305,5
306,6
307,7
308,8
309,9
310,10
311,1
312,2
313,3
314,4
315,5
316,6
317,7
318,8
319,9
320,10
321,1
322,2
323,3
324,4
325,5
326,6
327,7
328,8
329,9
330,10
331,1
332,2
333,3
334,4
335,5
336,6
337,7
338,8
339,9
340,10
341,1
342,2
343,3
344,4
345,5
346,6
347,7
348,8
349,9
350,10
351,1
352,2
353,3
354,4
355,5
356,6
357,7
358,8
359,9
360,10
361,1
362,2
363,3
364,4
365,5
366,6
367,7
368,8
369,9
370,10
371,1
372,2
373,3
374,4
375,5
376,6
377,7
378,8
379,9
380,10
381,1
382,2
383,3
384,4
385,5
386,6
387,7
388,8
389,9
390,10
391,1
392,2
393,3
394,4
395,5
396,6
397,7
398,8
399,9
400,10
401,1
402,2
403,3
404,4
405,5
406,6
407,7
408,8
409,9
410,10
411,1
412,2
413,3
414,4
415,5
416,6
417,7
418,8
419,9
420,10
421,1
422,2
423,3
424,4
425,5
426,6
427,7
428,8
429,9
430,10
431,1
432,2
433,3
434,4
435,5
436,6
437,7
438,8
439,9
440,10
441,1
442,2
443,3
444,4
445,5
446,6
447,7
448,8
449,9
450,10
451,1
452,2
453,3
454,4
455,5
456,6
457,7
458,8
459,9
460,10
461,1
462,2
463,3
464,4
465,5
466,6
467,7
468,8
469,9
470,10
471,1
472,2
473,3
474,4
475,5
476,6
477,7
478,8
479,9
480,10
481,1
482,2
483,3
484,4
485,5
486,6
487,7
488,8
489,9
490,10
491,1
492,2
493,3
494,4
495,5
496,6
497,7
498,8
499,9
500,10
501,1
502,2
503,3
504,4
505,5
506,6
507,7
508,8
509,9
510,10
511,1
512,2
513,3
514,4
515,5
516,6
517,7
518,8
519,9
520,10
521,1
522,2
523,3
524,4
525,5
526,6
527,7
528,8
529,9
530,10
531,1
532,2
533,3
534,4
535,5
536,6
537,7
538,8
539,9
540,10
541,1
542,2
543,3
544,4
545,5
546,6
547,7
548,8
549,9
550,10
551,1
552,2
553,3
554,4
555,5
556,6
557,7
558,8
559,9
560,10
561,1
562,2
563,3
564,4
565,5
566,6
567,7
568,8
569,9
570,10
571,1
572,2
573,3
574,4
575,5
576,6
577,7
578,8
579,9
580,10
581,1
582,2
583,3
584,4
585,5
586,6
587,7
588,8
589,9
590,10
591,1
592,2
593,3
594,4
595,5
596,6
597,7
598,8
599,9
600,10
601,1
602,2
603,3
604,4
605,5
606,6
607,7
608,8
609,9
610,10
611,1
612,2
613,3
614,4
615,5
616,6
617,7
618,8
619,9
620,10
621,1
622,2
623,3
624,4
625,5
626,6
627,7
628,8
629,9
630,10
631,1
632,2
633,3
634,4
635,5
636,6
637,7
638,8
639,9
640,10
641,1
642,2
643,3
644,4
645,5
646,6
647,7
648,8
649,9
650,10
651,1
652,2
653,3
654,4
655,5
656,6
657,7
658,8
659,9
660,10
661,1
662,2
663,3
664,4
665,5
666,6
667,7
668,8
669,9
670,10
671,1
672,2
673,3
674,4
675,5
676,6
677,7
678,8
679,9
680,10
681,1
682,2
683,3
684,4
685,5
686,6
687,7
688,8
689,9
690,10
691,1
692,2
693,3
694,4
695,5
696,6
697,7
698,8
699,9
700,10
701,1
702,2
703,3
704,4
705,5
706,6
707,7
708,8
709,9
710,10
711,1
712,2
713,3
714,4
715,5
716,6
717,7
718,8
719,9
720,10
721,1
722,2
723,3
724,4
725,5
726,6
727,7
728,8
729,9
730,10
731,1
732,2
733,3
734,4
735,5
736,6
737,7
738,8
739,9
740,10
741,1
742,2
743,3
744,4
745,5
746,6
747,7
748,8
749,9
750,10
751,1
752,2
753,3
754,4
755,5
756,6
757,7
758,8
759,9
760,10
761,1
762,2
763,3
764,4
765,5
766,6
767,7
768,8
769,9
770,10
771,1
772,2
773,3
774,4
775,5
776,6
777,7
778,8
779,9
780,10
781,1
782,2
783,3
784,4
785,5
786,6
787,7
788,8
789,9
790,10
791,1
792,2
793,3
794,4
795,5
796,6
797,7
798,8
799,9
800,10
801,1
802,2
803,3
804,4
805,5
806,6
807,7
808,8
809,9
810,10
811,1
812,2
813,3
814,4
815,5
816,6
817,7
818,8
819,9
820,10
821,1
822,2
823,3
824,4
825,5
826,6
827,7
828,8
829,9
830,10
831,11
832,12
833,13
834,14
835,15
836,16
837,17
838,18
839,19
840,20
841,11
842,12
843,13
844,14
845,15
846,16
847,17
848,18
849,19
850,20
851,11
852,12
853,13
854,14
855,15
856,16
857,17
858,18
859,19
860,20
861,11
862,12
863,13
864,14
865,15
866,16
867,17
868,18
869,19
870,20
871,11
872,12
873,13
874,14
875,15
876,16
877,17
878,18
879,19
880,20
881,11
882,12
883,13
884,14
885,15
886,16
887,17
888,18
889,19
890,20
891,11
892,12
893,13
894,14
895,15
896,16
897,17
898,18
899,19
900,20
901,11
902,12
903,13
904,14
905,15
906,16
907,17
908,18
909,19
910,20
911,11
912,12
913,13
914,14
915,15
916,16
917,17
918,18
919,19
920,20
921,11
922,12
923,13
924,14
925,15
926,16
927,17
928,18
929,19
930,20
931,11
932,12
933,13
934,14
935,15
936,16
937,17
938,18
939,19
940,20
941,11
942,12
943,13
944,14
945,15
946,16
947,17
948,18
949,19
950,20
951,11
952,12
953,13
954,14
955,15
956,16
957,17
958,18
959,19
960,20
961,11
962,12
963,13
964,14
965,15
966,16
967,17
968,18
969,19
970,20
971,11
972,12
973,13
974,14
975,15
976,16
977,17
978,18
979,19
980,20
981,11
982,12
983,13
984,14
985,15
986,16
987,17
988,18
989,19
990,20
991,11
992,12
993,13
994,14
995,15
996,16
997,17
998,18
999,19
1000,20
1001,11
1002,12
1003,13
1004,14
1005,15
1006,16
1007,17
1008,18
1009,19
1010,20
1011,11
1012,12
1013,13
1014,14
1015,15
1016,16
1017,17
1018,18
1019,19
1020,20
1021,11
1022,12
1023,13
1024,14
1025,15
1026,16
1027,17
1028,18
1029,19
1030,20
1031,11
1032,12
1033,13
1034,14
1035,15
1036,16
1037,17
1038,18
1039,19
1040,20
1041,11
1042,12
1043,13
1044,14
1045,15
1046,16
1047,17
1048,18
1049,19
1050,20
1051,11
1052,12
1053,13
1054,14
1055,15
1056,16
1057,17
1058,18
1059,19
1060,20
1061,11
1062,12
1063,13
1064,14
1065,15
1066,16
1067,17
1068,18
1069,19
1070,20
1071,11
1072,12
1073,13
1074,14
1075,15
1076,16
1077,17
1078,18
1079,19
1080,20
1081,11
1082,12
1083,13
1084,14
1085,15
1086,16
1087,17
1088,18
1089,19
1090,20
1091,11
1092,12
1093,13
1094,14
1095,15
1096,16
1097,17
1098,18
1099,19
1100,20
1101,11
1102,12
1103,13
1104,14
1105,15
1106,16
1107,17
1108,18
1109,19
1110,20
1111,11
1112,12
1113,13
1114,14
1115,15
1116,16
1117,17
1118,18
1119,19
1120,20
1121,11
1122,12
1123,13
1124,14
1125,15
1126,16
1127,17
1128,18
1129,19
1130,20
1131,11
1132,12
1133,13
1134,14
1135,15
1136,16
1137,17
1138,18
1139,19
1140,20
1141,11
1142,12
1143,13
1144,14
1145,15
1146,16
1147,17
1148,18
1149,19
1150,20
1151,11
1152,12
1153,13
1154,14
1155,15
1156,16
1157,17
1158,18
1159,19
1160,20
1161,11
1162,12
1163,13
1164,14
1165,15
1166,16
1167,17
1168,18
1169,19
1170,20
1171,11
1172,12
1173,13
1174,14
1175,15
1176,16
1177,17
1178,18
1179,19
1180,20
1181,11
1182,12
1183,13
1184,14
1185,15
1186,16
1187,17
1188,18
1189,19
1190,20
1191,11
1192,12
1193,13
1194,14
1195,15
1196,16
1197,17
1198,18
1199,19
1200,20
1201,21
1202,22
1203,23
1204,24
1205,25
1206,26
1207,27
1208,28
1209,29
1210,30
1211,21
1212,22
1213,23
1214,24
1215,25
1216,26
1217,27
1218,28
1219,29
1220,30
1221,21
1222,22
1223,23
1224,24
1225,25
1226,26
1227,27
1228,28
1229,29
1230,30
1231,21
1232,22
1233,23
1234,24
1235,25
1236,26
1237,27
1238,28
1239,29
1240,30
1241,21
1242,22
1243,23
1244,24
1245,25
1246,26
1247,27
1248,28
1249,29
1250,30
1251,21
1252,22
1253,23
1254,24
1255,25
1256,26
1257,27
1258,28
1259,29
1260,30
1261,21
1262,22
1263,23
1264,24
1265,25
1266,26
1267,27
1268,28
1269,29
1270,30
1271,21
1272,22
1273,23
1274,24
1275,25
1276,26
1277,27
1278,28
1279,29
1280,30
1281,21
1282,22
1283,23
1284,24
1285,25
1286,26
1287,27
1288,28
1289,29
1290,30
1291,21
1292,22
1293,23
1294,24
1295,25
1296,26
1297,27
1298,28
1299,29
1300,30
1301,21
1302,22
1303,23
1304,24
1305,25
1306,26
1307,27
1308,28
1309,29
1310,30
1311,21
1312,22
1313,23
1314,24
1315,25
1316,26
1317,27
1318,28
1319,29
1320,30
1321,21
1322,22
1323,23
1324,24
1325,25
1326,26
1327,27
1328,28
1329,29
1330,30
1331,21
1332,22
1333,23
1334,24
1335,25
1336,26
1337,27
1338,28
1339,29
1340,30
1341,21
1342,22
1343,23
1344,24
1345,25
1346,26
1347,27
1348,28
1349,29
1350,30
1351,21
1352,22
1353,23
1354,24
1355,25
1356,26
1357,27
1358,28
1359,29
1360,30
1361,31
1362,32
1363,33
1364,34
1365,35
1366,36
1367,37
1368,38
1369,39
1370,40
1371,31
1372,32
1373,33
1374,34
1375,35
1376,36
1377,37
1378,38
1379,39
1380,40
1381,31
1382,32
1383,33
1384,34
1385,35
1386,36
1387,37
1388,38
1389,39
1390,40
1391,31
1392,32
1393,33
1394,34
1395,35
1396,36
1397,37
1398,38
1399,39
1400,40
1401,31
1402,32
1403,33
1404,34
1405,35
1406,36
1407,37
1408,38
1409,39
1410,40
1411,31
1412,32
1413,33
1414,34
1415,35
1416,36
1417,37
1418,38
1419,39
1420,40
1421,31
1422,32
1423,33
1424,34
1425,35
1426,36
1427,37
1428,38
1429,39
1430,40
1431,31
1432,32
1433,33
1434,34
1435,35
1436,36
1437,37
1438,38
1439,39
1440,40
1441,31
1442,32
1443,33
1444,34
1445,35
1446,36
1447,37
1448,38
1449,39
1450,40
1451,31
1452,32
1453,33
1454,34
1455,35
1456,36
1457,37
1458,38
1459,39
1460,40
1461,31
1462,32
1463,33
1464,34
1465,35
1466,36
1467,37
1468,38
1469,39
1470,40
1471,31
1472,32
1473,33
1474,34
1475,35
1476,36
1477,37
1478,38
1479,39
1480,40
1481,41
1482,42
1483,43
1484,44
1485,45
1486,46
1487,47
1488,48
1489,49
1490,50
1491,41
1492,42
1493,43
1494,44
1495,45
1496,46
1497,47
1498,48
1499,49
1500,50
1501,41
1502,42
1503,43
1504,44
1505,45
1506,46
1507,47
1508,48
1509,49
1510,50
1511,41
1512,42
1513,43
1514,44
1515,45
1516,46
1517,47
1518,48
1519,49
1520,50
1521,41
1522,42
1523,43
1524,44
1525,45
1526,46
1527,47
1528,48
1529,49
1530,50
1531,41
1532,42
1533,43
1534,44
1535,45
1536,46
1537,47
1538,48
1539,49
1540,50
1541,41
1542,42
1543,43
1544,44
1545,45
1546,46
1547,47
1548,48
1549,49
1550,50
1551,41
1552,42
1553,43
1554,44
1555,45
1556,46
1557,47
1558,48
1559,49
1560,50
1561,41
1562,42
1563,43
1564,44
1565,45
1566,46
1567,47
1568,48
1569,49
1570,50
1571,41
1572,42
1573,43
1574,44
1575,45
1576,46
1577,47
1578,48
1579,49
1580,50
1581,41
1582,42
1583,43
1584,44
1585,45
1586,46
1587,47
1588,48
1589,49
1590,50
1591,41
1592,42
1593,43
1594,44
1595,45
1596,46
1597,47
1598,48
1599,49
1600,50
1601,41
1602,42
1603,43
1604,44
1605,45
1606,46
1607,47
1608,48
1609,49
1610,50
1611,41
1612,42
1613,43
1614,44
1615,45
1616,46
1617,47
1618,48
1619,49
1620,50
1621,41
1622,42
1623,43
1624,44
1625,45
1626,46
1627,47
1628,48
1629,49
1630,50
1631,41
1632,42
1633,43
1634,44
1635,45
1636,46
1637,47
1638,48
1639,49
1640,50
1641,41
1642,42
1643,43
1644,44
1645,45
1646,46
1647,47
1648,48
1649,49
1650,50
1651,41
1652,42
1653,43
1654,44
1655,45
1656,46
1657,47
1658,48
1659,49
1660,50
1661,41
1662,42
1663,43
1664,44
1665,45
1666,46
1667,47
1668,48
1669,49
1670,50
1671,41
1672,42
1673,43
1674,44
1675,45
1676,46
1677,47
1678,48
1679,49
1680,50
1681,41
1682,42
1683,43
1684,44
1685,45
1686,46
1687,47
1688,48
1689,49
1690,50
1691,41
1692,42
1693,43
1694,44
1695,45
1696,46
1697,47
1698,48
1699,49
1700,50
1701,41
1702,42
1703,43
1704,44
1705,45
1706,46
1707,47
1708,48
1709,49
1710,50
1711,51
1712,52
1713,53
1714,54
1715,55
1716,56
1717,57
1718,58
1719,59
1720,60
1721,51
1722,52
1723,53
1724,54
1725,55
1726,56
1727,57
1728,58
1729,59
1730,60
1731,51
1732,52
1733,53
1734,54
1735,55
1736,56
1737,57
1738,58
1739,59
1740,60
1741,51
1742,52
1743,53
1744,54
1745,55
1746,56
1747,57
1748,58
1749,59
1750,60
1751,51
1752,52
1753,53
1754,54
1755,55
1756,56
1757,57
1758,58
1759,59
1760,60
1761,51
1762,52
1763,53
1764,54
1765,55
1766,56
1767,57
1768,58
1769,59
1770,60
1771,51
1772,52
1773,53
1774,54
1775,55
1776,56
1777,57
1778,58
1779,59
1780,60
1781,51
1782,52
1783,53
1784,54
1785,55
1786,56
1787,57
1788,58
1789,59
1790,60
1791,51
1792,52
1793,53
1794,54
1795,55
1796,56
1797,57
1798,58
1799,59
1800,60
1801,51
1802,52
1803,53
1804,54
1805,55
1806,56
1807,57
1808,58
1809,59
1810,60
1811,51
1812,52
1813,53
1814,54
1815,55
1816,56
1817,57
1818,58
1819,59
1820,60
1821,61
1822,62
1823,63
1824,64
1825,65
1826,66
1827,67
1828,68
1829,69
1830,70
1831,61
1832,62
1833,63
1834,64
1835,65
1836,66
1837,67
1838,68
1839,69
1840,70
1841,61
1842,62
1843,63
1844,64
1845,65
1846,66
1847,67
1848,68
1849,69
1850,70
1851,61
1852,62
1853,63
1854,64
1855,65
1856,66
1857,67
1858,68
1859,69
1860,70
1861,61
1862,62
1863,63
1864,64
1865,65
1866,66
1867,67
1868,68
1869,69
1870,70
1871,61
1872,62
1873,63
1874,64
1875,65
1876,66
1877,67
1878,68
1879,69
1880,70
1881,61
1882,62
1883,63
1884,64
1885,65
1886,66
1887,67
1888,68
1889,69
1890,70
1891,61
1892,62
1893,63
1894,64
1895,65
1896,66
1897,67
1898,68
1899,69
1900,70
1901,61
1902,62
1903,63
1904,64
1905,65
1906,66
1907,67
1908,68
1909,69
1910,70
1911,61
1912,62
1913,63
1914,64
1915,65
1916,66
1917,67
1918,68
1919,69
1920,70
1921,61
1922,62
1923,63
1924,64
1925,65
1926,66
1927,67
1928,68
1929,69
1930,70
1931,61
1932,62
1933,63
1934,64
1935,65
1936,66
1937,67
1938,68
1939,69
1940,70
1941,61
1942,62
1943,63
1944,64
1945,65
1946,66
1947,67
1948,68
1949,69
1950,70
1951,71
1952,72
1953,73
1954,74
1955,75
1956,76
1957,77
1958,78
1959,79
1960,80
1961,71
1962,72
1963,73
1964,74
1965,75
1966,76
1967,77
1968,78
1969,79
1970,80
1971,71
1972,72
1973,73
1974,74
1975,75
1976,76
1977,77
1978,78
1979,79
1980,80
1981,71
1982,72
1983,73
1984,74
1985,75
1986,76
1987,77
1988,78
1989,79
1990,80
1991,71
1992,72
1993,73
1994,74
1995,75
1996,76
1997,77
1998,78
1999,79
2000,80
2001,71
2002,72
2003,73
2004,74
2005,75
2006,76
2007,77
2008,78
2009,79
2010,80
2011,71
2012,72
2013,73
2014,74
2015,75
2016,76
2017,77
2018,78
2019,79
2020,80
2021,71
2022,72
2023,73
2024,74
2025,75
2026,76
2027,77
2028,78
2029,79
2030,80
2031,71
2032,72
2033,73
2034,74
2035,75
2036,76
2037,77
2038,78
2039,79
2040,80
2041,71
2042,72
2043,73
2044,74
2045,75
2046,76
2047,77
2048,78
2049,79
2050,80
2051,71
2052,72
2053,73
2054,74
2055,75
2056,76
2057,77
2058,78
2059,79
2060,80
2061,71
2062,72
2063,73
2064,74
2065,75
2066,76
2067,77
2068,78
2069,79
2070,80
2071,81
2072,82
2073,83
2074,84
2075,85
2076,86
2077,87
2078,88
2079,89
2080,90
2081,81
2082,82
2083,83
2084,84
2085,85
2086,86
2087,87
2088,88
2089,89
2090,90
2091,81
2092,82
2093,83
2094,84
2095,85
2096,86
2097,87
2098,88
2099,89
2100,90
2101,81
2102,82
2103,83
2104,84
2105,85
2106,86
2107,87
2108,88
2109,89
2110,90
2111,81
2112,82
2113,83
2114,84
2115,85
2116,86
2117,87
2118,88
2119,89
2120,90
2121,81
2122,82
2123,83
2124,84
2125,85
2126,86
2127,87
2128,88
2129,89
2130,90
2131,81
2132,82
2133,83
2134,84
2135,85
2136,86
2137,87
2138,88
2139,89
2140,90
2141,81
2142,82
2143,83
2144,84
2145,85
2146,86
2147,87
2148,88
2149,89
2150,90
2151,81
2152,82
2153,83
2154,84
2155,85
2156,86
2157,87
2158,88
2159,89
2160,90
2161,81
2162,82
2163,83
2164,84
2165,85
2166,86
2167,87
2168,88
2169,89
2170,90
2171,81
2172,82
2173,83
2174,84
2175,85
2176,86
2177,87
2178,88
2179,89
2180,90
2181,81
2182,82
2183,83
2184,84
2185,85
2186,86
2187,87
2188,88
2189,89
2190,90
2191,81
2192,82
2193,83
2194,84
2195,85
2196,86
2197,87
2198,88
2199,89
2200,90
2201,81
2202,82
2203,83
2204,84
2205,85
2206,86
2207,87
2208,88
2209,89
2210,90
2211,81
2212,82
2213,83
2214,84
2215,85
2216,86
2217,87
2218,88
2219,89
2220,90
2221,81
2222,82
2223,83
2224,84
2225,85
2226,86
2227,87
2228,88
2229,89
2230,90
2231,81
2232,82
2233,83
2234,84
2235,85
2236,86
2237,87
2238,88
2239,89
2240,90
2241,81
2242,82
2243,83
2244,84
2245,85
2246,86
2247,87
2248,88
2249,89
2250,90
2251,81
2252,82
2253,83
2254,84
2255,85
2256,86
2257,87
2258,88
2259,89
2260,90
2261,91
2262,92
2263,93
2264,94
2265,95
2266,96
2267,97
2268,98
2269,99
2270,100
2271,91
2272,92
2273,93
2274,94
2275,95
2276,96
2277,97
2278,98
2279,99
2280,100
2281,91
2282,92
2283,93
2284,94
2285,95
2286,96
2287,97
2288,98
2289,99
2290,100
2291,91
2292,92
2293,93
2294,94
2295,95
2296,96
2297,97
2298,98
2299,99
2300,100
2301,91
2302,92
2303,93
2304,94
2305,95
2306,96
2307,97
2308,98
2309,99
2310,100
2311,91
2312,92
2313,93
2314,94
2315,95
2316,96
2317,97
2318,98
2319,99
2320,100
2321,91
2322,92
2323,93
2324,94
2325,95
2326,96
2327,97
2328,98
2329,99
2330,100
2331,91
2332,92
2333,93
2334,94
2335,95
2336,96
2337,97
2338,98
2339,99
2340,100
2341,91
2342,92
2343,93
2344,94
2345,95
2346,96
2347,97
2348,98
2349,99
2350,100
2351,91
2352,92
2353,93
2354,94
2355,95
2356,96
2357,97
2358,98
2359,99
2360,100
2361,91
2362,92
2363,93
2364,94
2365,95
2366,96
2367,97
2368,98
2369,99
2370,100
2371,101
2372,102
2373,103
2374,104
2375,105
2376,106
2377,107
2378,108
2379,109
2380,110
2381,101
2382,102
2383,103
2384,104
2385,105
2386,106
2387,107
2388,108
2389,109
2390,110
2391,101
2392,102
2393,103
2394,104
2395,105
2396,106
2397,107
2398,108
2399,109
2400,110
2401,101
2402,102
2403,103
2404,104
2405,105
2406,106
2407,107
2408,108
2409,109
2410,110
2411,101
2412,102
2413,103
2414,104
2415,105
2416,106
2417,107
2418,108
2419,109
2420,110
2421,101
2422,102
2423,103
2424,104
2425,105
2426,106
2427,107
2428,108
2429,109
2430,110
2431,101
2432,102
2433,103
2434,104
2435,105
2436,106
2437,107
2438,108
2439,109
2440,110
2441,101
2442,102
2443,103
2444,104
2445,105
2446,106
2447,107
2448,108
2449,109
2450,110
2451,101
2452,102
2453,103
2454,104
2455,105
2456,106
2457,107
2458,108
2459,109
2460,110
2461,101
2462,102
2463,103
2464,104
2465,105
2466,106
2467,107
2468,108
2469,109
2470,110
2471,101
2472,102
2473,103
2474,104
2475,105
2476,106
2477,107
2478,108
2479,109
2480,110
2481,101
2482,102
2483,103
2484,104
2485,105
2486,106
2487,107
2488,108
2489,109
2490,110
2491,101
2492,102
2493,103
2494,104
2495,105
2496,106
2497,107
2498,108
2499,109
2500,110
2501,111
2502,112
2503,113
2504,114
2505,115
2506,116
2507,117
2508,118
2509,119
2510,120
2511,111
2512,112
2513,113
2514,114
2515,115
2516,116
2517,117
2518,118
2519,119
2520,120
2521,111
2522,112
2523,113
2524,114
2525,115
2526,116
2527,117
2528,118
2529,119
2530,120
2531,111
2532,112
2533,113
2534,114
2535,115
2536,116
2537,117
2538,118
2539,119
2540,120
2541,111
2542,112
2543,113
2544,114
2545,115
2546,116
2547,117
2548,118
2549,119
2550,120
2551,111
2552,112
2553,113
2554,114
2555,115
2556,116
2557,117
2558,118
2559,119
2560,120
2561,111
2562,112
2563,113
2564,114
2565,115
2566,116
2567,117
2568,118
2569,119
2570,120
2571,111
2572,112
2573,113
2574,114
2575,115
2576,116
2577,117
2578,118
2579,119
2580,120
2581,111
2582,112
2583,113
2584,114
2585,115
2586,116
2587,117
2588,118
2589,119
2590,120
2591,111
2592,112
2593,113
2594,114
2595,115
2596,116
2597,117
2598,118
2599,119
2600,120
2601,111
2602,112
2603,113
2604,114
2605,115
2606,116
2607,117
2608,118
2609,119
2610,120
2611,111
2612,112
2613,113
2614,114
2615,115
2616,116
2617,117
2618,118
2619,119
2620,120
2621,111
2622,112
2623,113
2624,114
2625,115
2626,116
2627,117
2628,118
2629,119
2630,120
2631,121
2632,122
2633,123
2634,124
2635,125
2636,126
2637,127
2638,128
2639,129
2640,130
2641,121
2642,122
2643,123
2644,124
2645,125
2646,126
2647,127
2648,128
2649,129
2650,130
2651,121
2652,122
2653,123
2654,124
2655,125
2656,126
2657,127
2658,128
2659,129
2660,130
2661,121
2662,122
2663,123
2664,124
2665,125
2666,126
2667,127
2668,128
2669,129
2670,130
2671,121
2672,122
2673,123
2674,124
2675,125
2676,126
2677,127
2678,128
2679,129
2680,130
2681,121
2682,122
2683,123
2684,124
2685,125
2686,126
2687,127
2688,128
2689,129
2690,130
2691,121
2692,122
2693,123
2694,124
2695,125
2696,126
2697,127
2698,128
2699,129
2700,130
2701,121
2702,122
2703,123
2704,124
2705,125
2706,126
2707,127
2708,128
2709,129
2710,130
2711,121
2712,122
2713,123
2714,124
2715,125
2716,126
2717,127
2718,128
2719,129
2720,130
2721,121
2722,122
2723,123
2724,124
2725,125
2726,126
2727,127
2728,128
2729,129
2730,130
2731,121
2732,122
2733,123
2734,124
2735,125
2736,126
2737,127
2738,128
2739,129
2740,130
2741,121
2742,122
2743,123
2744,124
2745,125
2746,126
2747,127
2748,128
2749,129
2750,130
2751,121
2752,122
2753,123
2754,124
2755,125
2756,126
2757,127
2758,128
2759,129
2760,130
2761,121
2762,122
2763,123
2764,124
2765,125
2766,126
2767,127
2768,128
2769,129
2770,130
2771,121
2772,122
2773,123
2774,124
2775,125
2776,126
2777,127
2778,128
2779,129
2780,130
2781,131
2782,132
2783,133
2784,134
2785,135
2786,136
2787,137
2788,138
2789,139
2790,140
2791,131
2792,132
2793,133
2794,134
2795,135
2796,136
2797,137
2798,138
2799,139
2800,140
2801,131
2802,132
2803,133
2804,134
2805,135
2806,136
2807,137
2808,138
2809,139
2810,140
2811,131
2812,132
2813,133
2814,134
2815,135
2816,136
2817,137
2818,138
2819,139
2820,140
2821,131
2822,132
2823,133
2824,134
2825,135
2826,136
2827,137
2828,138
2829,139
2830,140
2831,131
2832,132
2833,133
2834,134
2835,135
2836,136
2837,137
2838,138
2839,139
2840,140
2841,131
2842,132
2843,133
2844,134
2845,135
2846,136
2847,137
2848,138
2849,139
2850,140
2851,131
2852,132
2853,133
2854,134
2855,135
2856,136
2857,137
2858,138
2859,139
2860,140
2861,131
2862,132
2863,133
2864,134
2865,135
2866,136
2867,137
2868,138
2869,139
2870,140
2871,131
2872,132
2873,133
2874,134
2875,135
2876,136
2877,137
2878,138
2879,139
2880,140
2881,200
2882,201
2883,202
2884,203
2885,204
2886,205
2887,206
2888,207
2889,208
2890,209
2891,200
2892,201
2893,202
2894,203
2895,204
2896,205
2897,206
2898,207
2899,208
2900,209
2901,200
2902,201
2903,202
2904,203
2905,204
2906,205
2907,206
2908,207
2909,208
2910,209
2911,200
2912,201
2913,202
2914,203
2915,204
2916,205
2917,206
2918,207
2919,208
2920,209
2921,200
2922,201
2923,202
2924,203
2925,204
2926,205
2927,206
2928,207
2929,208
2930,209
2931,200
2932,201
2933,202
2934,203
2935,204
2936,205
2937,206
2938,207
2939,208
2940,209
2941,200
2942,201
2943,202
2944,203
2945,204
2946,205
2947,206
2948,207
2949,208
2950,209
2951,200
2952,201
2953,202
2954,203
2955,204
2956,205
2957,206
2958,207
2959,208
2960,209
2961,210
2962,211
2963,212
2964,213
2965,214
2966,215
2967,216
2968,217
2969,218
2970,219
2971,210
2972,211
2973,212
2974,213
2975,214
2976,215
2977,216
2978,217
2979,218
2980,219
2981,210
2982,211
2983,212
2984,213
2985,214
2986,215
2987,216
2988,217
2989,218
2990,219
2991,210
2992,211
2993,212
2994,213
2995,214
2996,215
2997,216
2998,217
2999,218
3000,219
3001,210
3002,211
3003,212
3004,213
3005,214
3006,215
3007,216
3008,217
3009,218
3010,219
3011,210
3012,211
3013,212
3014,213
3015,214
3016,215
3017,216
3018,217
3019,218
3020,219
3021,210
3022,211
3023,212
3024,213
3025,214
3026,215
3027,216
3028,217
3029,218
3030,219
3031,210
3032,211
3033,212
3034,213
3035,214
3036,215
3037,216
3038,217
3039,218
3040,219
3041,210
3042,211
3043,212
3044,213
3045,214
3046,215
3047,216
3048,217
3049,218
3050,219
3051,210
3052,211
3053,212
3054,213
3055,214
3056,215
3057,216
3058,217
3059,218
3060,219
3061,210
3062,211
3063,212
3064,213
3065,214
3066,215
3067,216
3068,217
3069,218
3070,219
3071,210
3072,211
3073,212
3074,213
3075,214
3076,215
3077,216
3078,217
3079,218
3080,219
3081,210
3082,211
3083,212
3084,213
3085,214
3086,215
3087,216
3088,217
3089,218
3090,219
3091,210
3092,211
3093,212
3094,213
3095,214
3096,215
3097,216
3098,217
3099,218
3100,219
3101,210
3102,211
3103,212
3104,213
3105,214
3106,215
3107,216
3108,217
3109,218
3110,219
3111,210
3112,211
3113,212
3114,213
3115,214
3116,215
3117,216
3118,217
3119,218
3120,219
3121,210
3122,211
3123,212
3124,213
3125,214
3126,215
3127,216
3128,217
3129,218
3130,219
3131,210
3132,211
3133,212
3134,213
3135,214
3136,215
3137,216
3138,217
3139,218
3140,219
3141,210
3142,211
3143,212
3144,213
3145,214
3146,215
3147,216
3148,217
3149,218
3150,219
3151,210
3152,211
3153,212
3154,213
3155,214
3156,215
3157,216
3158,217
3159,218
3160,219
3161,210
3162,211
3163,212
3164,213
3165,214
3166,215
3167,216
3168,217
3169,218
3170,219
3171,220
3172,221
3173,222
3174,223
3175,224
3176,225
3177,226
3178,227
3179,228
3180,229
3181,220
3182,221
3183,222
3184,223
3185,224
3186,225
3187,226
3188,227
3189,228
3190,229
3191,220
3192,221
3193,222
3194,223
3195,224
3196,225
3197,226
3198,227
3199,228
3200,229
3201,220
3202,221
3203,222
3204,223
3205,224
3206,225
3207,226
3208,227
3209,228
3210,229
3211,220
3212,221
3213,222
3214,223
3215,224
3216,225
3217,226
3218,227
3219,228
3220,229
3221,220
3222,221
3223,222
3224,223
3225,224
3226,225
3227,226
3228,227
3229,228
3230,229
3231,220
3232,221
3233,222
3234,223
3235,224
3236,225
3237,226
3238,227
3239,228
3240,229
3241,220
3242,221
3243,222
3244,223
3245,224
3246,225
3247,226
3248,227
3249,228
3250,229
3251,220
3252,221
3253,222
3254,223
3255,224
3256,225
3257,226
3258,227
3259,228
3260,229
3261,220
3262,221
3263,222
3264,223
3265,224
3266,225
3267,226
3268,227
3269,228
3270,229
3271,220
3272,221
3273,222
3274,223
3275,224
3276,225
3277,226
3278,227
3279,228
3280,229
3281,220
3282,221
3283,222
3284,223
3285,224
3286,225
3287,226
3288,227
3289,228
3290,229
3291,220
3292,221
3293,222
3294,223
3295,224
3296,225
3297,226
3298,227
3299,228
3300,229
3301,230
3302,231
3303,232
3304,233
3305,234
3306,235
3307,236
3308,237
3309,238
3310,239
3311,230
3312,231
3313,232
3314,233
3315,234
3316,235
3317,236
3318,237
3319,238
3320,239
3321,230
3322,231
3323,232
3324,233
3325,234
3326,235
3327,236
3328,237
3329,238
3330,239
3331,230
3332,231
3333,232
3334,233
3335,234
3336,235
3337,236
3338,237
3339,238
3340,239
3341,230
3342,231
3343,232
3344,233
3345,234
3346,235
3347,236
3348,237
3349,238
3350,239
3351,230
3352,231
3353,232
3354,233
3355,234
3356,235
3357,236
3358,237
3359,238
3360,239
3361,230
3362,231
3363,232
3364,233
3365,234
3366,235
3367,236
3368,237
3369,238
3370,239
3371,230
3372,231
3373,232
3374,233
3375,234
3376,235
3377,236
3378,237
3379,238
3380,239
3381,230
3382,231
3383,232
3384,233
3385,234
3386,235
3387,236
3388,237
3389,238
3390,239
3391,230
3392,231
3393,232
3394,233
3395,234
3396,235
3397,236
3398,237
3399,238
3400,239
3401,230
3402,231
3403,232
3404,233
3405,234
3406,235
3407,236
3408,237
3409,238
3410,239
3411,230
3412,231
3413,232
3414,233
3415,234
3416,235
3417,236
3418,237
3419,238
3420,239
3421,240
3422,241
3423,242
3424,243
3425,244
3426,245
3427,246
3428,247
3429,248
3430,249
3431,240
3432,241
3433,242
3434,243
3435,244
3436,245
3437,246
3438,247
3439,248
3440,249
3441,240
3442,241
3443,242
3444,243
3445,244
3446,245
3447,246
3448,247
3449,248
3450,249
3451,240
3452,241
3453,242
3454,243
3455,244
3456,245
3457,246
3458,247
3459,248
3460,249
3461,240
3462,241
3463,242
3464,243
3465,244
3466,245
3467,246
3468,247
3469,248
3470,249
3471,240
3472,241
3473,242
3474,243
3475,244
3476,245
3477,246
3478,247
3479,248
3480,249
3481,240
3482,241
3483,242
3484,243
3485,244
3486,245
3487,246
3488,247
3489,248
3490,249
3491,240
3492,241
3493,242
3494,243
3495,244
3496,245
3497,246
3498,247
3499,248
3500,249
3501,240
3502,241
3503,242
3504,243
3505,244
3506,245
3507,246
3508,247
3509,248
3510,249
3511,240
3512,241
3513,242
3514,243
3515,244
3516,245
3517,246
3518,247
3519,248
3520,249
3521,240
3522,241
3523,242
3524,243
3525,244
3526,245
3527,246
3528,247
3529,248
3530,249
3531,250
3532,251
3533,252
3535,253
3536,254
3537,255
3538,256
3539,257
3540,258
3541,250
3542,251
3543,252
3545,253
3546,254
3547,255
3548,256
3549,257
3550,258
3551,250
3552,251
3553,252
3555,253
3556,254
3557,255
3558,256
3559,257
3560,258
3561,250
3562,251
3563,252
3565,253
3566,254
3567,255
3568,256
3569,257
3570,258
3571,250
3572,251
3573,252
3575,253
3576,254
3577,255
3578,256
3579,257
3580,258
3581,250
3582,251
3583,252
3585,253
3586,254
3587,255
3588,256
3589,257
3590,258
3591,250
3592,251
3593,252
3595,253
3596,254
3597,255
3598,256
3599,257
3600,258
3601,250
3602,251
3603,252
3605,253
3606,254
3607,255
3608,256
3609,257
3610,258
3611,250
3612,251
3613,252
3615,253
3616,254
3617,255
3618,256
3619,257
3620,258
3621,250
3622,251
3623,252
3625,253
3626,254
3627,255
3628,256
3629,257
3630,258
3631,259
3632,260
3633,261
3634,262
3635,263
3636,264
3637,265
3638,266
3639,267
3640,268
3641,259
3642,260
3643,261
3644,262
3645,263
3646,264
3647,265
3648,266
3649,267
3650,268
3651,259
3652,260
3653,261
3654,262
3655,263
3656,264
3657,265
3658,266
3659,267
3660,268
3661,259
3662,260
3663,261
3664,262
3665,263
3666,264
3667,265
3668,266
3669,267
3670,268
3671,259
3672,260
3673,261
3674,262
3675,263
3676,264
3677,265
3678,266
3679,267
3680,268
3681,259
3682,260
3683,261
3684,262
3685,263
3686,264
3687,265
3688,266
3689,267
3690,268
3691,259
3692,260
3693,261
3694,262
3695,263
3696,264
3697,265
3698,266
3699,267
3700,268
3701,259
3702,260
3703,261
3704,262
3705,263
3706,264
3707,265
3708,266
3709,267
3710,268
3711,259
3712,260
3713,261
3714,262
3715,263
3716,264
3717,265
3718,266
3719,267
3720,268
3721,259
3722,260
3723,261
3724,262
3725,263
3726,264
3727,265
3728,266
3729,267
3730,268
3731,259
3732,260
3733,261
3734,262
3735,263
3736,264
3737,265
3738,266
3739,267
3740,268
3741,259
3742,260
3743,261
3744,262
3745,263
3746,264
3747,265
3748,266
3749,267
3750,268
3751,259
3752,260
3753,261
3754,262
3755,263
3756,264
3757,265
3758,266
3759,267
3760,268
3761,259
3762,260
3763,261
3764,262
3765,263
3766,264
3767,265
3768,266
3769,267
3770,268
3771,259
3772,260
3773,261
3774,262
3775,263
3776,264
3777,265
3778,266
3779,267
3780,268
3781,270
3782,272
3783,276
3784,277
3785,278
3786,280
3787,283
3788,284
3789,270
3790,272
3791,276
3792,277
3793,278
3794,280
3795,283
3796,284
3799,270
3800,272
3801,276
3802,277
3803,278
3804,280
3805,283
3806,284
3809,270
3810,272
3811,276
3812,277
3813,278
3814,280
3815,283
3816,284
3819,270
3820,272
3821,276
3822,277
3823,278
3824,280
3825,283
3826,284
3829,270
3830,272
3831,276
3832,277
3833,278
3834,280
3835,283
3836,284
3839,270
3840,272
3841,276
3842,277
3843,278
3844,280
3845,283
3846,284
3849,270
3850,272
3851,276
3852,277
3853,278
3854,280
3855,283
3856,284
3859,270
3860,272
3861,276
3862,277
3863,278
3864,280
3865,283
3866,284
3869,285
3871,286
3872,287
3873,288
3874,289
3875,290
3876,291
3877,292
3878,293
3879,285
3881,286
3882,287
3883,288
3884,289
3885,290
3886,291
3887,292
3888,293
3889,285
3891,286
3892,287
3893,288
3894,289
3895,290
3896,291
3897,292
3898,293
3899,285
3901,286
3902,287
3903,288
3904,289
3905,290
3906,291
3907,292
3908,293
3909,285
3911,286
3912,287
3913,288
3914,289
3915,290
3916,291
3917,292
3918,293
3919,285
3921,286
3922,287
3923,288
3924,289
3925,290
3926,291
3927,292
3928,293
3929,285
3931,286
3932,287
3933,288
3934,289
3935,290
3936,291
3937,292
3938,293
3939,285
3941,286
3942,287
3943,288
3944,289
3945,290
3946,291
3947,292
3948,293
3949,285
3951,286
3952,287
3953,288
3954,289
3955,290
3956,291
3957,292
3958,293
3959,285
3961,286
3962,287
3963,288
3964,289
3965,290
3966,291
3967,292
3968,293
3969,285
3971,286
3972,287
3973,288
3974,289
3975,290
3976,291
3977,292
3978,293
3979,285
3981,286
3982,287
3983,288
3984,289
3985,290
3986,291
3987,292
3988,293
3989,285
3991,286
3992,287
3993,288
3994,289
3995,290
3996,291
3997,292
3998,293
3999,285
4001,286
4002,287
4003,288
4004,289
4005,290
4006,291
4007,292
4008,293
4009,285
4011,286
4012,287
4013,288
4014,289
4015,290
4016,291
4017,292
4018,293
4019,285
4021,286
4022,287
4023,288
4024,289
4025,290
4026,291
4027,292
4028,293
4029,285
4031,286
4032,287
4033,288
4034,289
4035,290
4036,291
4037,292
4038,293
4039,285
4041,286
4042,287
4043,288
4044,289
4045,290
4046,291
4047,292
4048,293
4049,285
4051,286
4052,287
4053,288
4054,289
4055,290
4056,291
4057,292
4058,293
4059,285
4061,286
4062,287
4063,288
4064,289
4065,290
4066,291
4067,292
4068,293
4069,285
4071,286
4072,287
4073,288
4074,289
4075,290
4076,291
4077,292
4078,293
4079,285
4081,286
4082,287
4083,288
4084,289
4085,290
4086,291
4087,292
4088,293
4089,285
4091,286
4092,287
4093,288
4094,289
4095,290
4096,291
4097,292
4098,293
4099,285
4101,286
4102,287
4103,288
4104,289
4105,290
4106,291
4107,292
4108,293
4109,285
4111,286
4112,287
4113,288
4114,289
4115,290
4116,291
4117,292
4118,293
4119,285
4121,286
4122,287
4123,288
4124,289
4125,290
4126,291
4127,292
4128,293
4129,285
4131,286
4132,287
4133,288
4134,289
4135,290
4136,291
4137,292
4138,293